customer_id,date,transaction_amount,plan_type,churn
CUST_1,2023-01-01,193.52465823520800,Basic,0
CUST_1,2023-02-01,303.3426572565480,Standard,0
CUST_1,2023-03-01,38.460969962417700,Standard,0
CUST_1,2023-04-01,356.95556312006200,Premium,0
CUST_1,2023-05-01,417.8968939922070,Standard,0
CUST_1,2023-06-01,,Premium,0
CUST_1,2023-07-01,221.65305913463700,Standard,0
CUST_1,2023-08-01,78.3519917195005,Standard,0
CUST_1,2023-09-01,233.47429226634800,Premium,0
CUST_1,2023-10-01,261.9748748226700,Standard,1
CUST_1,2023-11-01,307.6969774317050,Basic,1
CUST_1,2023-12-01,41.87528056278700,Basic,1
CUST_2,2023-01-01,483.1596962065340,Premium,0
CUST_2,2023-02-01,57.859335863128100,Standard,0
CUST_2,2023-03-01,69.79873507394160,Premium,1
CUST_2,2023-04-01,455.5669970186030,Premium,1
CUST_2,2023-05-01,334.63591933345100,Premium,1
CUST_2,2023-06-01,264.8333303771270,Premium,1
CUST_2,2023-07-01,100.57868320750800,Basic,1
CUST_2,2023-08-01,389.8150834469460,Standard,1
CUST_2,2023-09-01,448.4654017095480,Premium,1
CUST_2,2023-10-01,461.71837516132700,Basic,1
CUST_2,2023-11-01,106.03160258538100,Basic,1
CUST_2,2023-12-01,169.41186207400000,Premium,1
CUST_3,2023-01-01,142.961025569209,Standard,0
CUST_3,2023-02-01,147.65790974681700,Premium,0
CUST_3,2023-03-01,403.07652056947900,Basic,0
CUST_3,2023-04-01,388.39993695536200,Basic,1
CUST_3,2023-05-01,409.5760999428690,Basic,1
CUST_3,2023-06-01,367.21351234008400,Premium,1
CUST_3,2023-07-01,46.281879349704300,Basic,1
CUST_3,2023-08-01,66.77583916731360,Premium,1
CUST_3,2023-09-01,315.41608214550300,Basic,1
CUST_3,2023-10-01,41.143591640151600,Basic,1
CUST_3,2023-11-01,169.33982779310600,Basic,1
CUST_3,2023-12-01,322.40316096405400,Standard,1
CUST_4,2023-01-01,241.38531332935500,Standard,0
CUST_4,2023-02-01,382.78467382228000,Premium,0
CUST_4,2023-03-01,251.95984221855100,Standard,0
CUST_4,2023-04-01,22.455372104606600,Basic,1
CUST_4,2023-05-01,321.8411015192520,Premium,1
CUST_4,2023-06-01,259.19963867070400,Basic,1
CUST_4,2023-07-01,132.15319228294900,Basic,1
CUST_4,2023-08-01,380.22005788609400,Premium,1
CUST_4,2023-09-01,47.720155816108600,Basic,1
CUST_4,2023-10-01,88.99843075446220,Basic,1
CUST_4,2023-11-01,405.9789859865640,Premium,1
CUST_4,2023-12-01,437.01568919198200,Basic,1
CUST_5,2023-01-01,101.41932885415800,Basic,0
CUST_5,2023-02-01,405.64567603039100,Standard,0
CUST_5,2023-03-01,63.92544301856160,Premium,0
CUST_5,2023-04-01,410.8272353020220,Basic,1
CUST_5,2023-05-01,260.2661782630070,Standard,1
CUST_5,2023-06-01,118.83282713065800,Basic,1
CUST_5,2023-07-01,175.4314339877780,Basic,1
CUST_5,2023-08-01,168.36943669017000,Basic,1
CUST_5,2023-09-01,354.4792898586370,Standard,1
CUST_5,2023-10-01,486.17322053327100,Premium,1
CUST_5,2023-11-01,133.37332495442800,Basic,1
CUST_5,2023-12-01,157.43037181021700,Premium,1
CUST_6,2023-01-01,28.07460420372110,Basic,0
CUST_6,2023-02-01,35.224588112494800,Basic,0
CUST_6,2023-03-01,127.38532642681600,Basic,0
CUST_6,2023-04-01,492.9687225141940,Basic,0
CUST_6,2023-05-01,383.1936115110720,Standard,0
CUST_6,2023-06-01,190.21373503243400,Basic,0
CUST_6,2023-07-01,272.52959519663200,Standard,0
CUST_6,2023-08-01,167.18223183615100,Standard,1
CUST_6,2023-09-01,299.5375421622390,Premium,1
CUST_6,2023-10-01,18.128036174649500,Premium,1
CUST_6,2023-11-01,120.98292984699000,Standard,1
CUST_6,2023-12-01,95.43955021244580,Premium,1
CUST_7,2023-01-01,199.50031968726300,Standard,0
CUST_7,2023-02-01,177.12251201462700,Basic,0
CUST_7,2023-03-01,439.8962831566810,Premium,0
CUST_7,2023-04-01,410.43887809859600,Basic,0
CUST_7,2023-05-01,128.50762254122100,Standard,0
CUST_7,2023-06-01,451.2048480100320,Premium,0
CUST_7,2023-07-01,181.11269156020400,Standard,0
CUST_7,2023-08-01,444.6723478899080,Basic,0
CUST_7,2023-09-01,51.228582847573900,Standard,0
CUST_7,2023-10-01,307.15023923319900,Premium,0
CUST_7,2023-11-01,335.11586686294700,Basic,0
CUST_7,2023-12-01,278.8795567896270,Standard,0
CUST_8,2023-01-01,119.89196163567400,Standard,0
CUST_8,2023-02-01,169.44585209804100,Standard,0
CUST_8,2023-03-01,426.1194711421470,Premium,0
CUST_8,2023-04-01,55.90063623576530,Standard,0
CUST_8,2023-05-01,129.55492525575100,Standard,0
CUST_8,2023-06-01,447.1028120367860,Basic,0
CUST_8,2023-07-01,256.2921756215440,Standard,0
CUST_8,2023-08-01,105.6690640210420,Basic,0
CUST_8,2023-09-01,21.914823551412400,Standard,0
CUST_8,2023-10-01,470.82470633292800,Premium,0
CUST_8,2023-11-01,191.37776312516800,Premium,0
CUST_8,2023-12-01,219.81023267548400,Basic,0
CUST_9,2023-01-01,427.97463317900600,Standard,0
CUST_9,2023-02-01,427.05696904326000,Standard,0
CUST_9,2023-03-01,282.8326186045920,Basic,0
CUST_9,2023-04-01,289.3299733437890,Premium,0
CUST_9,2023-05-01,495.126386551089,Basic,0
CUST_9,2023-06-01,439.9128052446980,Premium,0
CUST_9,2023-07-01,354.21720115368400,Standard,0
CUST_9,2023-08-01,406.5869661844720,Premium,0
CUST_9,2023-09-01,457.4878707526710,Basic,0
CUST_9,2023-10-01,401.16463769372000,Basic,0
CUST_9,2023-11-01,399.93840802369000,Standard,0
CUST_9,2023-12-01,194.03564679357300,Premium,0
CUST_10,2023-01-01,27.611714160403600,Basic,0
CUST_10,2023-02-01,150.40521354285900,Standard,1
CUST_10,2023-03-01,28.300612487115100,Basic,1
CUST_10,2023-04-01,186.4934142915190,Basic,1
CUST_10,2023-05-01,265.89919742685400,Premium,1
CUST_10,2023-06-01,115.75230347345300,Standard,1
CUST_10,2023-07-01,51.82025784694630,Premium,1
CUST_10,2023-08-01,270.3637694683930,Premium,1
CUST_10,2023-09-01,322.3406517341210,Standard,1
CUST_10,2023-10-01,488.16751893664200,Standard,1
CUST_10,2023-11-01,168.24867174121100,Basic,1
CUST_10,2023-12-01,142.70780311841600,Standard,1
CUST_11,2023-01-01,48.44362685771030,Basic,0
CUST_11,2023-02-01,419.63025905098100,Premium,0
CUST_11,2023-03-01,94.91421683471440,Premium,0
CUST_11,2023-04-01,279.12106570599900,Standard,0
CUST_11,2023-05-01,147.16760950351200,Standard,0
CUST_11,2023-06-01,281.63348573058600,Standard,0
CUST_11,2023-07-01,131.38818485556700,Premium,0
CUST_11,2023-08-01,17.052809428580400,Basic,1
CUST_11,2023-09-01,29.957113136295400,Standard,1
CUST_11,2023-10-01,354.7923510962120,Basic,1
CUST_11,2023-11-01,57.93873871899070,Premium,1
CUST_11,2023-12-01,242.0011676824770,Basic,1
CUST_12,2023-01-01,222.58730812660700,Premium,0
CUST_12,2023-02-01,321.1958889251460,Standard,0
CUST_12,2023-03-01,316.6713586999760,Basic,0
CUST_12,2023-04-01,332.75987949328300,Standard,0
CUST_12,2023-05-01,324.78544632109500,Standard,0
CUST_12,2023-06-01,470.7128182982290,Premium,0
CUST_12,2023-07-01,325.21122703675300,Premium,0
CUST_12,2023-08-01,471.3177563004970,Premium,0
CUST_12,2023-09-01,453.6218145584710,Standard,0
CUST_12,2023-10-01,59.38122067493910,Premium,0
CUST_12,2023-11-01,344.6733189740150,Premium,0
CUST_12,2023-12-01,423.98890237503300,Basic,0
CUST_13,2023-01-01,148.10883963896600,Standard,0
CUST_13,2023-02-01,318.18199492214300,Basic,0
CUST_13,2023-03-01,403.7056558885760,Standard,0
CUST_13,2023-04-01,377.8012283040210,Premium,0
CUST_13,2023-05-01,212.18266168659900,Basic,0
CUST_13,2023-06-01,176.99373472397900,Premium,0
CUST_13,2023-07-01,220.207073413759,Premium,0
CUST_13,2023-08-01,60.530695729607000,Premium,0
CUST_13,2023-09-01,414.9641583927930,Premium,0
CUST_13,2023-10-01,200.70882257974000,Basic,0
CUST_13,2023-11-01,54.730471625205400,Premium,0
CUST_13,2023-12-01,475.79750199940200,Standard,0
CUST_14,2023-01-01,229.7383057693770,Premium,0
CUST_14,2023-02-01,339.5340434777490,Basic,0
CUST_14,2023-03-01,396.9128899693310,Basic,0
CUST_14,2023-04-01,38.2037924081557,Standard,0
CUST_14,2023-05-01,444.9750495515670,Standard,0
CUST_14,2023-06-01,80.06592420588960,Standard,0
CUST_14,2023-07-01,59.55011130016720,Standard,0
CUST_14,2023-08-01,45.653873118454800,Premium,0
CUST_14,2023-09-01,49.860902514530900,Basic,0
CUST_14,2023-10-01,193.39268992049900,Standard,0
CUST_14,2023-11-01,474.15180291809100,Premium,0
CUST_14,2023-12-01,194.36719691014900,Premium,0
CUST_15,2023-01-01,283.61808237054400,Premium,0
CUST_15,2023-02-01,64.48676633001420,Basic,1
CUST_15,2023-03-01,239.64371457712200,Standard,1
CUST_15,2023-04-01,68.22077897135520,Premium,1
CUST_15,2023-05-01,328.11304803687100,Standard,1
CUST_15,2023-06-01,295.8506948976080,Basic,1
CUST_15,2023-07-01,193.686583966615,Standard,1
CUST_15,2023-08-01,435.6135728128360,Basic,1
CUST_15,2023-09-01,481.97904432590000,Premium,1
CUST_15,2023-10-01,485.24062508674300,Standard,1
CUST_15,2023-11-01,446.6601257120550,Standard,1
CUST_15,2023-12-01,496.5527500984570,Premium,1
CUST_16,2023-01-01,281.3885993566470,Basic,0
CUST_16,2023-02-01,318.40533268627900,Basic,0
CUST_16,2023-03-01,317.5034592411910,Standard,0
CUST_16,2023-04-01,32.26872636731440,Basic,0
CUST_16,2023-05-01,446.229254106549,Standard,0
CUST_16,2023-06-01,145.91677966075500,Premium,0
CUST_16,2023-07-01,183.14259173276600,Standard,0
CUST_16,2023-08-01,487.4534557564220,Standard,0
CUST_16,2023-09-01,272.68721950861900,Basic,0
CUST_16,2023-10-01,345.51827455140100,Standard,0
CUST_16,2023-11-01,413.0432490323530,Standard,0
CUST_16,2023-12-01,310.573446008537,Standard,0
CUST_17,2023-01-01,434.3713058552000,Standard,1
CUST_17,2023-02-01,194.4670497702440,Standard,1
CUST_17,2023-03-01,493.7653033643230,Standard,1
CUST_17,2023-04-01,301.1240505225460,Basic,1
CUST_17,2023-05-01,485.25805492915600,Standard,1
CUST_17,2023-06-01,420.7810653084580,Standard,1
CUST_17,2023-07-01,213.26155614545600,Premium,1
CUST_17,2023-08-01,37.62399335895430,Basic,1
CUST_17,2023-09-01,408.321494473738,Premium,1
CUST_17,2023-10-01,498.35205016621400,Premium,1
CUST_17,2023-11-01,386.80383343845000,Premium,1
CUST_17,2023-12-01,426.3272214319320,Standard,1
CUST_18,2023-01-01,230.76662630194600,Basic,0
CUST_18,2023-02-01,307.02557088093100,Premium,0
CUST_18,2023-03-01,312.88283782436900,Basic,0
CUST_18,2023-04-01,339.0708658404720,Basic,0
CUST_18,2023-05-01,264.88011554487700,Basic,0
CUST_18,2023-06-01,284.85960605233900,Basic,0
CUST_18,2023-07-01,75.66746194081400,Standard,0
CUST_18,2023-08-01,313.9516801631980,Basic,0
CUST_18,2023-09-01,76.82202303751720,Basic,0
CUST_18,2023-10-01,299.05966655877000,Premium,0
CUST_18,2023-11-01,453.0377603019370,Basic,0
CUST_18,2023-12-01,393.98997624316000,Standard,0
CUST_19,2023-01-01,432.55821728590500,Basic,0
CUST_19,2023-02-01,464.0279363291320,Standard,0
CUST_19,2023-03-01,234.97652055674800,Premium,0
CUST_19,2023-04-01,171.08828904087900,Standard,0
CUST_19,2023-05-01,47.17303077324530,Basic,0
CUST_19,2023-06-01,84.43231982102420,Standard,0
CUST_19,2023-07-01,99.12124135558100,Premium,0
CUST_19,2023-08-01,242.24120372880700,Standard,0
CUST_19,2023-09-01,104.22161921624900,Premium,0
CUST_19,2023-10-01,146.50926612566000,Basic,0
CUST_19,2023-11-01,69.1115768392944,Basic,0
CUST_19,2023-12-01,188.49223191355700,Premium,0
CUST_20,2023-01-01,29.26294852213850,Premium,0
CUST_20,2023-02-01,50.06192565494720,Basic,0
CUST_20,2023-03-01,39.928200328883200,Premium,0
CUST_20,2023-04-01,376.6472482879930,Standard,0
CUST_20,2023-05-01,191.53133036777700,Standard,0
CUST_20,2023-06-01,190.76768338918800,Premium,0
CUST_20,2023-07-01,27.97476941639300,Standard,0
CUST_20,2023-08-01,448.65135046672800,Premium,0
CUST_20,2023-09-01,62.514285556490300,Premium,0
CUST_20,2023-10-01,128.81054678101800,Basic,0
CUST_20,2023-11-01,19.83488691108590,Standard,0
CUST_20,2023-12-01,170.47370256717800,Standard,0
CUST_21,2023-01-01,300.86030224148400,Standard,0
CUST_21,2023-02-01,254.23667747523800,Basic,0
CUST_21,2023-03-01,297.55214783023100,Premium,0
CUST_21,2023-04-01,72.51434836982630,Standard,0
CUST_21,2023-05-01,326.4994482524850,Premium,0
CUST_21,2023-06-01,493.39247190856,Basic,0
CUST_21,2023-07-01,59.873411583997800,Basic,0
CUST_21,2023-08-01,88.73387289718230,Premium,0
CUST_21,2023-09-01,94.95306169442990,Basic,0
CUST_21,2023-10-01,267.0105808894250,Basic,0
CUST_21,2023-11-01,64.89906206234570,Standard,0
CUST_21,2023-12-01,434.09849168805000,Premium,0
CUST_22,2023-01-01,93.73491782113230,Premium,0
CUST_22,2023-02-01,,Basic,0
CUST_22,2023-03-01,387.0515372640490,Premium,0
CUST_22,2023-04-01,218.46385492204400,Basic,0
CUST_22,2023-05-01,66.27004412220970,Premium,0
CUST_22,2023-06-01,294.80672849708000,Premium,0
CUST_22,2023-07-01,270.96882195027700,Premium,0
CUST_22,2023-08-01,75.86319170009740,Premium,0
CUST_22,2023-09-01,167.95338403761400,Premium,0
CUST_22,2023-10-01,343.93633388972500,Basic,0
CUST_22,2023-11-01,241.0723323895780,Premium,0
CUST_22,2023-12-01,465.46928068143500,Basic,0
CUST_23,2023-01-01,70.90563950791690,Basic,0
CUST_23,2023-02-01,98.80420242117350,Basic,0
CUST_23,2023-03-01,291.4918254581570,Standard,0
CUST_23,2023-04-01,399.6809828113460,Standard,0
CUST_23,2023-05-01,90.49024098618650,Premium,0
CUST_23,2023-06-01,266.3020581368690,Basic,0
CUST_23,2023-07-01,202.29810263709100,Standard,0
CUST_23,2023-08-01,194.70277041820500,Premium,0
CUST_23,2023-09-01,376.32859628636300,Standard,0
CUST_23,2023-10-01,450.7915409045390,Premium,0
CUST_23,2023-11-01,454.171334372628,Basic,0
CUST_23,2023-12-01,470.5177405706030,Basic,0
CUST_24,2023-01-01,78.24331560505980,Standard,0
CUST_24,2023-02-01,271.39593506839800,Premium,0
CUST_24,2023-03-01,84.32069106904810,Standard,0
CUST_24,2023-04-01,374.5336833606120,Premium,0
CUST_24,2023-05-01,383.60475601293800,Basic,0
CUST_24,2023-06-01,,Standard,0
CUST_24,2023-07-01,72.46944454267140,Premium,0
CUST_24,2023-08-01,83.45953940089920,Standard,0
CUST_24,2023-09-01,362.8179029075760,Premium,0
CUST_24,2023-10-01,275.9349772403220,Premium,0
CUST_24,2023-11-01,98.98288123269860,Basic,0
CUST_24,2023-12-01,206.41719421418400,Premium,0
CUST_25,2023-01-01,85.1421875268793,Basic,0
CUST_25,2023-02-01,309.61257536297700,Standard,0
CUST_25,2023-03-01,466.73795841697000,Standard,0
CUST_25,2023-04-01,462.02469677687500,Premium,0
CUST_25,2023-05-01,292.38129648173800,Basic,0
CUST_25,2023-06-01,370.8576754561140,Standard,0
CUST_25,2023-07-01,230.91129198802500,Standard,0
CUST_25,2023-08-01,421.0600623585080,Standard,0
CUST_25,2023-09-01,436.24921741044300,Basic,0
CUST_25,2023-10-01,205.51132489636400,Premium,0
CUST_25,2023-11-01,403.3981898130260,Standard,0
CUST_25,2023-12-01,205.1026598595620,Standard,0
CUST_26,2023-01-01,179.709537239321,Standard,0
CUST_26,2023-02-01,231.5867910360060,Basic,0
CUST_26,2023-03-01,79.01993998610190,Basic,0
CUST_26,2023-04-01,215.27347025722800,Standard,0
CUST_26,2023-05-01,294.4882916362410,Basic,1
CUST_26,2023-06-01,335.13331228818800,Basic,1
CUST_26,2023-07-01,480.92445556003300,Standard,1
CUST_26,2023-08-01,213.16582062624200,Premium,1
CUST_26,2023-09-01,498.4683834045140,Standard,1
CUST_26,2023-10-01,301.73865848682100,Premium,1
CUST_26,2023-11-01,377.4806304955970,Basic,1
CUST_26,2023-12-01,450.0466018259500,Basic,1
CUST_27,2023-01-01,103.43698312519700,Basic,0
CUST_27,2023-02-01,286.77215529868200,Standard,0
CUST_27,2023-03-01,232.11152902653400,Standard,0
CUST_27,2023-04-01,206.37389982891000,Standard,0
CUST_27,2023-05-01,99.14478394268290,Basic,0
CUST_27,2023-06-01,192.92156497707900,Standard,0
CUST_27,2023-07-01,210.27974383806700,Basic,0
CUST_27,2023-08-01,360.8263921352250,Standard,1
CUST_27,2023-09-01,118.76635934714500,Standard,1
CUST_27,2023-10-01,339.22744436337700,Basic,1
CUST_27,2023-11-01,61.01320517244120,Basic,1
CUST_27,2023-12-01,97.48688440662350,Basic,1
CUST_28,2023-01-01,126.709562712896,Basic,0
CUST_28,2023-02-01,363.910796609273,Basic,0
CUST_28,2023-03-01,204.61992951304300,Basic,0
CUST_28,2023-04-01,153.6423878278970,Basic,1
CUST_28,2023-05-01,51.89918011868940,Standard,1
CUST_28,2023-06-01,23.00077989817170,Premium,1
CUST_28,2023-07-01,295.69036487514900,Premium,1
CUST_28,2023-08-01,447.40913842771800,Standard,1
CUST_28,2023-09-01,177.49050233195900,Basic,1
CUST_28,2023-10-01,196.0492800019610,Premium,1
CUST_28,2023-11-01,141.35118400320900,Standard,1
CUST_28,2023-12-01,210.6117095737080,Standard,1
CUST_29,2023-01-01,223.70199927630500,Premium,0
CUST_29,2023-02-01,384.1668391382830,Premium,0
CUST_29,2023-03-01,248.84128714226200,Premium,0
CUST_29,2023-04-01,218.3546171899240,Standard,0
CUST_29,2023-05-01,275.4007651838250,Premium,0
CUST_29,2023-06-01,78.28447629568380,Basic,0
CUST_29,2023-07-01,267.58818932831600,Standard,0
CUST_29,2023-08-01,19.0114315082587,Basic,0
CUST_29,2023-09-01,292.49307300198400,Basic,0
CUST_29,2023-10-01,329.19599029241300,Standard,0
CUST_29,2023-11-01,15.387956042655400,Premium,0
CUST_29,2023-12-01,438.20613800563200,Premium,0
CUST_30,2023-01-01,335.8679705276650,Standard,0
CUST_30,2023-02-01,215.19755719711600,Standard,0
CUST_30,2023-03-01,33.01332371977700,Standard,0
CUST_30,2023-04-01,50.57134728331200,Premium,0
CUST_30,2023-05-01,200.7548508805690,Premium,0
CUST_30,2023-06-01,362.33249354028000,Premium,0
CUST_30,2023-07-01,243.26469707755900,Basic,0
CUST_30,2023-08-01,368.96032763302300,Premium,1
CUST_30,2023-09-01,138.5093817069140,Standard,1
CUST_30,2023-10-01,35.19864860728270,Basic,1
CUST_30,2023-11-01,302.4529959692760,Basic,1
CUST_30,2023-12-01,387.74697983545300,Premium,1
CUST_31,2023-01-01,46.817513050546300,Basic,0
CUST_31,2023-02-01,347.31717424959100,Standard,0
CUST_31,2023-03-01,411.36013566035800,Premium,0
CUST_31,2023-04-01,143.3511172426820,Standard,0
CUST_31,2023-05-01,54.875215930050700,Standard,0
CUST_31,2023-06-01,475.6163033721930,Premium,0
CUST_31,2023-07-01,275.5314642153960,Premium,0
CUST_31,2023-08-01,405.21496245211000,Standard,0
CUST_31,2023-09-01,426.1058692670060,Premium,0
CUST_31,2023-10-01,118.39262649160500,Standard,0
CUST_31,2023-11-01,29.31913757056790,Premium,0
CUST_31,2023-12-01,98.48191911239340,Basic,0
CUST_32,2023-01-01,26.633529507041400,Premium,0
CUST_32,2023-02-01,462.9541357345000,Standard,0
CUST_32,2023-03-01,242.36496616215700,Standard,0
CUST_32,2023-04-01,166.35923188919500,Basic,1
CUST_32,2023-05-01,302.172240456206,Basic,1
CUST_32,2023-06-01,69.0777740308666,Basic,1
CUST_32,2023-07-01,351.1815001802890,Standard,1
CUST_32,2023-08-01,365.1357180490930,Standard,1
CUST_32,2023-09-01,164.49226553699900,Premium,1
CUST_32,2023-10-01,397.45435077109200,Standard,1
CUST_32,2023-11-01,316.6867744541350,Basic,1
CUST_32,2023-12-01,311.77296220932900,Basic,1
CUST_33,2023-01-01,21.95638296270360,Basic,1
CUST_33,2023-02-01,438.6038196152580,Standard,1
CUST_33,2023-03-01,470.14317227131900,Premium,1
CUST_33,2023-04-01,498.98771416133500,Standard,1
CUST_33,2023-05-01,385.9222615762520,Standard,1
CUST_33,2023-06-01,245.13905394891500,Basic,1
CUST_33,2023-07-01,438.101785951306,Standard,1
CUST_33,2023-08-01,386.4539727936140,Standard,1
CUST_33,2023-09-01,216.4649311157640,Premium,1
CUST_33,2023-10-01,127.00080142646800,Basic,1
CUST_33,2023-11-01,183.76485724398100,Basic,1
CUST_33,2023-12-01,155.19097902343500,Basic,1
CUST_34,2023-01-01,30.625662921817300,Premium,0
CUST_34,2023-02-01,219.60883553057300,Standard,0
CUST_34,2023-03-01,116.94440505388100,Standard,0
CUST_34,2023-04-01,53.81139113300720,Standard,0
CUST_34,2023-05-01,472.91869092279100,Basic,0
CUST_34,2023-06-01,91.84663358511690,Standard,0
CUST_34,2023-07-01,471.93856932621200,Standard,0
CUST_34,2023-08-01,261.2173703980890,Standard,0
CUST_34,2023-09-01,118.03824244438600,Premium,0
CUST_34,2023-10-01,181.56137699169800,Basic,0
CUST_34,2023-11-01,443.0550836320790,Standard,0
CUST_34,2023-12-01,95.20867211754880,Premium,0
CUST_35,2023-01-01,351.0501028463580,Standard,0
CUST_35,2023-02-01,119.97588019996400,Premium,0
CUST_35,2023-03-01,300.54056807243500,Basic,0
CUST_35,2023-04-01,439.95582268888600,Premium,0
CUST_35,2023-05-01,445.4865591357990,Standard,0
CUST_35,2023-06-01,406.66287661519000,Premium,0
CUST_35,2023-07-01,52.623512356591000,Premium,0
CUST_35,2023-08-01,137.27935404256000,Basic,0
CUST_35,2023-09-01,49.71264579474750,Basic,0
CUST_35,2023-10-01,47.30412115024710,Premium,0
CUST_35,2023-11-01,245.48742289005800,Standard,0
CUST_35,2023-12-01,180.4265118720750,Standard,0
CUST_36,2023-01-01,140.84385238301600,Standard,0
CUST_36,2023-02-01,332.6413989826290,Standard,0
CUST_36,2023-03-01,357.097858590367,Premium,0
CUST_36,2023-04-01,343.2689781625470,Standard,0
CUST_36,2023-05-01,87.71650159360610,Premium,0
CUST_36,2023-06-01,24.33116868693400,Premium,0
CUST_36,2023-07-01,174.20823858698000,Standard,0
CUST_36,2023-08-01,410.80384181834000,Basic,0
CUST_36,2023-09-01,13.129077141248500,Standard,0
CUST_36,2023-10-01,490.7812272334380,Standard,0
CUST_36,2023-11-01,320.66279451881000,Basic,0
CUST_36,2023-12-01,62.42051302520960,Standard,0
CUST_37,2023-01-01,481.86608189090700,Standard,0
CUST_37,2023-02-01,466.69377169990900,Basic,0
CUST_37,2023-03-01,347.0640039273990,Basic,0
CUST_37,2023-04-01,357.004323436188,Premium,0
CUST_37,2023-05-01,179.4826979069490,Basic,1
CUST_37,2023-06-01,437.0530350146640,Standard,1
CUST_37,2023-07-01,484.75014908998900,Standard,1
CUST_37,2023-08-01,73.74225766400970,Basic,1
CUST_37,2023-09-01,22.04758906481270,Standard,1
CUST_37,2023-10-01,168.56900738327500,Basic,1
CUST_37,2023-11-01,387.4996347258190,Premium,1
CUST_37,2023-12-01,228.49232612460700,Standard,1
CUST_38,2023-01-01,498.59100507727800,Standard,0
CUST_38,2023-02-01,90.1756723839179,Premium,0
CUST_38,2023-03-01,118.17711026649300,Standard,0
CUST_38,2023-04-01,330.71049499775600,Basic,0
CUST_38,2023-05-01,84.01836697264110,Basic,0
CUST_38,2023-06-01,215.66638529380000,Standard,0
CUST_38,2023-07-01,144.36544915084800,Premium,0
CUST_38,2023-08-01,448.10860980277600,Standard,0
CUST_38,2023-09-01,25.255700613410600,Standard,0
CUST_38,2023-10-01,433.5355424214220,Premium,0
CUST_38,2023-11-01,100.90750269452900,Premium,0
CUST_38,2023-12-01,387.75170387558500,Basic,0
CUST_39,2023-01-01,316.84795759939400,Basic,1
CUST_39,2023-02-01,461.21544542968700,Basic,1
CUST_39,2023-03-01,400.3032725783260,Standard,1
CUST_39,2023-04-01,67.48101259157330,Basic,1
CUST_39,2023-05-01,345.926990742196,Premium,1
CUST_39,2023-06-01,108.25711608316500,Basic,1
CUST_39,2023-07-01,41.4623791668157,Premium,1
CUST_39,2023-08-01,141.80676817319800,Premium,1
CUST_39,2023-09-01,162.07735987255100,Standard,1
CUST_39,2023-10-01,15.694064554969300,Standard,1
CUST_39,2023-11-01,202.32184263927600,Premium,1
CUST_39,2023-12-01,304.0100685784590,Standard,1
CUST_40,2023-01-01,350.54112420200600,Standard,0
CUST_40,2023-02-01,29.413224420695000,Standard,0
CUST_40,2023-03-01,128.60205777263800,Premium,0
CUST_40,2023-04-01,254.45519519116400,Premium,0
CUST_40,2023-05-01,284.2278549085880,Basic,0
CUST_40,2023-06-01,263.67870525850900,Standard,0
CUST_40,2023-07-01,26.269523307769600,Basic,0
CUST_40,2023-08-01,75.03071948109960,Premium,0
CUST_40,2023-09-01,402.2874825634510,Basic,0
CUST_40,2023-10-01,61.238241763856100,Standard,0
CUST_40,2023-11-01,25.4772109645646,Standard,0
CUST_40,2023-12-01,275.23520429752500,Basic,0
CUST_41,2023-01-01,359.90259674489000,Basic,0
CUST_41,2023-02-01,409.26430573579100,Standard,0
CUST_41,2023-03-01,278.32026431533100,Premium,0
CUST_41,2023-04-01,325.3530706462970,Premium,0
CUST_41,2023-05-01,49.99869119498890,Premium,0
CUST_41,2023-06-01,88.17689325546230,Basic,0
CUST_41,2023-07-01,488.17397535137400,Basic,0
CUST_41,2023-08-01,396.95226849981500,Premium,0
CUST_41,2023-09-01,282.1281399594390,Basic,0
CUST_41,2023-10-01,498.2036188678040,Basic,0
CUST_41,2023-11-01,107.77580095528100,Premium,0
CUST_41,2023-12-01,25.019726080845000,Standard,0
CUST_42,2023-01-01,435.4535276501070,Basic,0
CUST_42,2023-02-01,218.49173387955700,Standard,0
CUST_42,2023-03-01,493.9482862306680,Basic,0
CUST_42,2023-04-01,293.55095020047300,Premium,0
CUST_42,2023-05-01,248.4677812981040,Basic,0
CUST_42,2023-06-01,216.64325416799300,Standard,0
CUST_42,2023-07-01,457.0580393521790,Standard,0
CUST_42,2023-08-01,319.46450784533500,Standard,0
CUST_42,2023-09-01,360.7542326942230,Basic,0
CUST_42,2023-10-01,126.39622921270000,Basic,0
CUST_42,2023-11-01,428.6486957510940,Standard,0
CUST_42,2023-12-01,436.6674516235310,Premium,0
CUST_43,2023-01-01,186.0243510058850,Premium,0
CUST_43,2023-02-01,201.62995295936300,Basic,0
CUST_43,2023-03-01,331.8009656252330,Standard,0
CUST_43,2023-04-01,74.12809375199140,Basic,0
CUST_43,2023-05-01,125.66472703976700,Premium,0
CUST_43,2023-06-01,264.68923479244900,Standard,0
CUST_43,2023-07-01,221.13488659428500,Basic,0
CUST_43,2023-08-01,356.32083627386800,Basic,0
CUST_43,2023-09-01,27.968999197436100,Basic,0
CUST_43,2023-10-01,242.5691291174090,Standard,0
CUST_43,2023-11-01,296.82363855440900,Basic,0
CUST_43,2023-12-01,64.84061350488670,Premium,0
CUST_44,2023-01-01,270.2730687205060,Standard,1
CUST_44,2023-02-01,69.83385786491310,Standard,1
CUST_44,2023-03-01,467.59875858867300,Standard,1
CUST_44,2023-04-01,258.5450562573120,Standard,1
CUST_44,2023-05-01,82.68816847142350,Premium,1
CUST_44,2023-06-01,482.9081612536620,Basic,1
CUST_44,2023-07-01,476.3877748573870,Premium,1
CUST_44,2023-08-01,435.27996431481100,Basic,1
CUST_44,2023-09-01,262.64205400383300,Standard,1
CUST_44,2023-10-01,336.76348619759100,Standard,1
CUST_44,2023-11-01,24.687059037612200,Standard,1
CUST_44,2023-12-01,355.2935737409570,Basic,1
CUST_45,2023-01-01,339.9818923292100,Premium,0
CUST_45,2023-02-01,339.57503793031200,Basic,0
CUST_45,2023-03-01,96.8033968292191,Standard,0
CUST_45,2023-04-01,472.8609675422710,Premium,0
CUST_45,2023-05-01,312.7451476985950,Premium,0
CUST_45,2023-06-01,24.889659251450100,Premium,0
CUST_45,2023-07-01,341.4915590308510,Premium,0
CUST_45,2023-08-01,202.99355877053800,Basic,0
CUST_45,2023-09-01,332.34419925548800,Premium,1
CUST_45,2023-10-01,488.81535026844500,Standard,1
CUST_45,2023-11-01,436.66919066525700,Standard,1
CUST_45,2023-12-01,287.83796788346700,Standard,1
CUST_46,2023-01-01,440.47262503766000,Premium,0
CUST_46,2023-02-01,337.1207589261570,Basic,0
CUST_46,2023-03-01,400.9286879407310,Premium,0
CUST_46,2023-04-01,68.90243713159810,Premium,1
CUST_46,2023-05-01,169.04705665113200,Standard,1
CUST_46,2023-06-01,204.12461888853500,Standard,1
CUST_46,2023-07-01,200.3934696224690,Basic,1
CUST_46,2023-08-01,126.39662412842000,Standard,1
CUST_46,2023-09-01,121.36211735894400,Premium,1
CUST_46,2023-10-01,305.68981075687500,Standard,1
CUST_46,2023-11-01,313.5502695447110,Basic,1
CUST_46,2023-12-01,196.09503228782300,Standard,1
CUST_47,2023-01-01,264.35007471674700,Standard,1
CUST_47,2023-02-01,177.21143553681700,Premium,1
CUST_47,2023-03-01,205.42316263948100,Standard,1
CUST_47,2023-04-01,,Premium,1
CUST_47,2023-05-01,384.79279815564300,Basic,1
CUST_47,2023-06-01,361.88030735098200,Standard,1
CUST_47,2023-07-01,18.9339655114172,Basic,1
CUST_47,2023-08-01,13.705808739289600,Basic,1
CUST_47,2023-09-01,450.0349689854940,Premium,1
CUST_47,2023-10-01,464.24692695019000,Premium,1
CUST_47,2023-11-01,467.873653134702,Basic,1
CUST_47,2023-12-01,59.696205940116100,Standard,1
CUST_48,2023-01-01,135.82051818304900,Standard,0
CUST_48,2023-02-01,403.4826899380050,Basic,0
CUST_48,2023-03-01,309.06355382235,Premium,0
CUST_48,2023-04-01,212.63905974742200,Basic,0
CUST_48,2023-05-01,343.74774844284200,Premium,0
CUST_48,2023-06-01,357.432668243992,Standard,0
CUST_48,2023-07-01,135.71576401366800,Premium,0
CUST_48,2023-08-01,404.93634938982700,Basic,1
CUST_48,2023-09-01,320.24417404107100,Standard,1
CUST_48,2023-10-01,304.7897918717020,Premium,1
CUST_48,2023-11-01,443.26116704072000,Premium,1
CUST_48,2023-12-01,113.90197155503100,Standard,1
CUST_49,2023-01-01,211.4039502052850,Standard,0
CUST_49,2023-02-01,183.17647585833200,Basic,0
CUST_49,2023-03-01,144.6549574185870,Standard,0
CUST_49,2023-04-01,337.0994506528210,Premium,0
CUST_49,2023-05-01,231.36616258124200,Premium,0
CUST_49,2023-06-01,371.06813502264900,Standard,0
CUST_49,2023-07-01,56.90013220487930,Basic,0
CUST_49,2023-08-01,307.4760776835030,Basic,0
CUST_49,2023-09-01,201.5439379937020,Premium,0
CUST_49,2023-10-01,494.01490490529500,Premium,0
CUST_49,2023-11-01,208.11619637110300,Basic,0
CUST_49,2023-12-01,349.29371414894100,Standard,0
CUST_50,2023-01-01,61.0137281982415,Premium,0
CUST_50,2023-02-01,144.33872661430500,Standard,0
CUST_50,2023-03-01,448.153528585418,Basic,0
CUST_50,2023-04-01,121.06163709122400,Standard,0
CUST_50,2023-05-01,264.3392975450530,Premium,0
CUST_50,2023-06-01,124.51892013611200,Standard,0
CUST_50,2023-07-01,328.9299108331250,Basic,0
CUST_50,2023-08-01,173.170937398517,Standard,0
CUST_50,2023-09-01,334.30120302619600,Premium,0
CUST_50,2023-10-01,237.95075001902200,Basic,0
CUST_50,2023-11-01,479.2363894076360,Standard,0
CUST_50,2023-12-01,108.45750744293800,Premium,0
CUST_51,2023-01-01,230.6817587665110,Standard,0
CUST_51,2023-02-01,335.80674499873700,Basic,0
CUST_51,2023-03-01,124.97462010917200,Basic,0
CUST_51,2023-04-01,496.31691605760400,Basic,0
CUST_51,2023-05-01,422.59631424444600,Basic,0
CUST_51,2023-06-01,53.670971736848100,Basic,0
CUST_51,2023-07-01,414.7731388237390,Premium,0
CUST_51,2023-08-01,27.718586457133400,Basic,0
CUST_51,2023-09-01,186.46683966104400,Premium,0
CUST_51,2023-10-01,281.36309794906400,Premium,0
CUST_51,2023-11-01,229.12924484736900,Basic,0
CUST_51,2023-12-01,460.5020668750650,Basic,0
CUST_52,2023-01-01,427.1982292950970,Basic,0
CUST_52,2023-02-01,67.01953496388330,Basic,0
CUST_52,2023-03-01,440.2074170180840,Basic,0
CUST_52,2023-04-01,397.1149137904600,Premium,0
CUST_52,2023-05-01,207.46028759492900,Basic,0
CUST_52,2023-06-01,179.5888660035150,Premium,0
CUST_52,2023-07-01,413.01547618083700,Premium,0
CUST_52,2023-08-01,462.1510233515630,Standard,0
CUST_52,2023-09-01,384.75680244246800,Basic,0
CUST_52,2023-10-01,205.34488360843300,Basic,0
CUST_52,2023-11-01,43.40443159889190,Premium,0
CUST_52,2023-12-01,481.9264046786950,Basic,0
CUST_53,2023-01-01,221.92396038176500,Premium,0
CUST_53,2023-02-01,225.36072743012600,Premium,0
CUST_53,2023-03-01,115.85870942970400,Standard,0
CUST_53,2023-04-01,84.49217803303760,Standard,0
CUST_53,2023-05-01,235.30220764696700,Premium,0
CUST_53,2023-06-01,38.312474888219700,Basic,0
CUST_53,2023-07-01,127.19825106580400,Premium,0
CUST_53,2023-08-01,158.6048223081220,Standard,0
CUST_53,2023-09-01,40.52298108373070,Premium,0
CUST_53,2023-10-01,408.8454320579490,Standard,0
CUST_53,2023-11-01,315.70895978290300,Premium,0
CUST_53,2023-12-01,74.04808460269770,Basic,0
CUST_54,2023-01-01,105.36503079217500,Basic,0
CUST_54,2023-02-01,415.4935688277680,Basic,0
CUST_54,2023-03-01,15.405319570037100,Premium,0
CUST_54,2023-04-01,19.404215643297800,Standard,0
CUST_54,2023-05-01,77.18375580720950,Basic,0
CUST_54,2023-06-01,15.939179575507700,Basic,0
CUST_54,2023-07-01,402.7531848226650,Standard,0
CUST_54,2023-08-01,63.77073735197670,Premium,0
CUST_54,2023-09-01,423.7349705424120,Standard,0
CUST_54,2023-10-01,83.52384570005230,Basic,0
CUST_54,2023-11-01,243.2488833906960,Standard,0
CUST_54,2023-12-01,235.12891651893300,Premium,0
CUST_55,2023-01-01,478.11399638692500,Premium,0
CUST_55,2023-02-01,347.1860059824060,Basic,0
CUST_55,2023-03-01,422.02707391870200,Standard,0
CUST_55,2023-04-01,236.12395766612000,Premium,0
CUST_55,2023-05-01,448.6076929462030,Premium,0
CUST_55,2023-06-01,42.65949987473810,Standard,0
CUST_55,2023-07-01,371.3425466735280,Basic,0
CUST_55,2023-08-01,30.41972129516830,Premium,0
CUST_55,2023-09-01,45.321324639349900,Basic,1
CUST_55,2023-10-01,478.68568516674500,Standard,1
CUST_55,2023-11-01,183.09319016601100,Premium,1
CUST_55,2023-12-01,181.35458257546600,Premium,1
CUST_56,2023-01-01,334.07159942450300,Basic,0
CUST_56,2023-02-01,58.213868359564700,Premium,0
CUST_56,2023-03-01,139.87274987925200,Premium,0
CUST_56,2023-04-01,484.25141707406500,Basic,0
CUST_56,2023-05-01,316.0851487385890,Basic,0
CUST_56,2023-06-01,69.47934489810920,Standard,0
CUST_56,2023-07-01,325.51308423515400,Basic,1
CUST_56,2023-08-01,484.5595010212480,Basic,1
CUST_56,2023-09-01,153.48279798347300,Premium,1
CUST_56,2023-10-01,304.9219789217980,Premium,1
CUST_56,2023-11-01,376.5558579204710,Basic,1
CUST_56,2023-12-01,331.6745175924360,Standard,1
CUST_57,2023-01-01,175.75107793730400,Standard,0
CUST_57,2023-02-01,192.36184168038200,Standard,0
CUST_57,2023-03-01,310.3403954223180,Standard,0
CUST_57,2023-04-01,69.53567438744990,Basic,0
CUST_57,2023-05-01,326.44729820105100,Standard,0
CUST_57,2023-06-01,432.07129821808400,Standard,0
CUST_57,2023-07-01,133.59809988494700,Premium,0
CUST_57,2023-08-01,422.57929091613000,Basic,0
CUST_57,2023-09-01,331.519300463725,Standard,0
CUST_57,2023-10-01,492.48817236700900,Standard,1
CUST_57,2023-11-01,90.75925970742420,Basic,1
CUST_57,2023-12-01,365.7301558927950,Basic,1
CUST_58,2023-01-01,114.62056949222900,Premium,0
CUST_58,2023-02-01,369.0727569354630,Premium,0
CUST_58,2023-03-01,259.0966679889770,Basic,0
CUST_58,2023-04-01,347.55379800454400,Premium,0
CUST_58,2023-05-01,382.9495531511470,Standard,0
CUST_58,2023-06-01,14.572493715275700,Premium,0
CUST_58,2023-07-01,495.9868761611880,Premium,0
CUST_58,2023-08-01,402.0347746625880,Premium,0
CUST_58,2023-09-01,369.20493505454100,Premium,0
CUST_58,2023-10-01,184.1384386560120,Basic,0
CUST_58,2023-11-01,12.562510636027200,Premium,1
CUST_58,2023-12-01,375.4095535383040,Premium,1
CUST_59,2023-01-01,479.4560052584960,Standard,0
CUST_59,2023-02-01,82.9551446628979,Premium,0
CUST_59,2023-03-01,498.2038254373510,Basic,0
CUST_59,2023-04-01,363.81475971934100,Standard,0
CUST_59,2023-05-01,201.84759210713600,Premium,0
CUST_59,2023-06-01,11.576949166096600,Standard,0
CUST_59,2023-07-01,,Basic,0
CUST_59,2023-08-01,245.67671604420100,Basic,0
CUST_59,2023-09-01,294.1920558397840,Premium,0
CUST_59,2023-10-01,305.70895663226300,Standard,0
CUST_59,2023-11-01,142.21215286282500,Basic,0
CUST_59,2023-12-01,47.75855677582230,Basic,0
CUST_60,2023-01-01,394.5995187846190,Standard,0
CUST_60,2023-02-01,263.4618376563890,Standard,0
CUST_60,2023-03-01,170.81444926856300,Standard,0
CUST_60,2023-04-01,118.09985682849400,Basic,0
CUST_60,2023-05-01,499.1902805825450,Basic,0
CUST_60,2023-06-01,216.41154611409500,Standard,0
CUST_60,2023-07-01,67.98473355245980,Basic,0
CUST_60,2023-08-01,198.07814644719200,Basic,0
CUST_60,2023-09-01,100.39336403548300,Basic,0
CUST_60,2023-10-01,22.83638718071180,Basic,0
CUST_60,2023-11-01,143.80469688667800,Standard,0
CUST_60,2023-12-01,470.93283010651700,Standard,0
CUST_61,2023-01-01,437.6378227374550,Premium,0
CUST_61,2023-02-01,403.2952217998980,Premium,0
CUST_61,2023-03-01,75.40518648381250,Premium,0
CUST_61,2023-04-01,253.26596465409700,Premium,0
CUST_61,2023-05-01,385.1013205056440,Basic,0
CUST_61,2023-06-01,76.3235003160659,Premium,0
CUST_61,2023-07-01,478.7411643308940,Standard,0
CUST_61,2023-08-01,148.27166659966800,Premium,0
CUST_61,2023-09-01,454.06474445530800,Basic,0
CUST_61,2023-10-01,382.10514858480200,Basic,0
CUST_61,2023-11-01,42.02941720654880,Premium,1
CUST_61,2023-12-01,40.700069693123700,Basic,1
CUST_62,2023-01-01,78.23023184762160,Standard,0
CUST_62,2023-02-01,180.19822986683300,Premium,1
CUST_62,2023-03-01,335.2569462260390,Standard,1
CUST_62,2023-04-01,284.48240989630300,Premium,1
CUST_62,2023-05-01,35.606360850151600,Standard,1
CUST_62,2023-06-01,137.47731757140500,Standard,1
CUST_62,2023-07-01,490.8355743436510,Standard,1
CUST_62,2023-08-01,330.5455547222970,Standard,1
CUST_62,2023-09-01,287.01182474008900,Basic,1
CUST_62,2023-10-01,486.28261151945300,Premium,1
CUST_62,2023-11-01,181.2581223225410,Basic,1
CUST_62,2023-12-01,84.11094608011790,Standard,1
CUST_63,2023-01-01,132.97366405674600,Premium,0
CUST_63,2023-02-01,266.46154657344000,Standard,0
CUST_63,2023-03-01,364.17900857215700,Premium,0
CUST_63,2023-04-01,276.3337264978970,Premium,0
CUST_63,2023-05-01,247.50118069372300,Standard,0
CUST_63,2023-06-01,426.48793202552400,Basic,0
CUST_63,2023-07-01,211.76511537640900,Standard,0
CUST_63,2023-08-01,40.51382188212400,Premium,0
CUST_63,2023-09-01,235.02754002250900,Basic,0
CUST_63,2023-10-01,108.66825324662700,Premium,0
CUST_63,2023-11-01,171.8053817870340,Standard,0
CUST_63,2023-12-01,110.39182433384900,Standard,0
CUST_64,2023-01-01,436.58342827254300,Basic,0
CUST_64,2023-02-01,492.64493150902900,Basic,1
CUST_64,2023-03-01,41.9502497176411,Standard,1
CUST_64,2023-04-01,455.5179008721650,Basic,1
CUST_64,2023-05-01,253.9281289368020,Basic,1
CUST_64,2023-06-01,331.82225131490400,Basic,1
CUST_64,2023-07-01,196.40580367870600,Basic,1
CUST_64,2023-08-01,482.5935604113980,Basic,1
CUST_64,2023-09-01,266.43151928542300,Basic,1
CUST_64,2023-10-01,398.49866532658100,Basic,1
CUST_64,2023-11-01,320.94538459964900,Basic,1
CUST_64,2023-12-01,204.0255316046030,Basic,1
CUST_65,2023-01-01,271.1841449506090,Standard,0
CUST_65,2023-02-01,398.69806171474500,Basic,0
CUST_65,2023-03-01,454.01019483522600,Premium,0
CUST_65,2023-04-01,78.94864874389160,Basic,0
CUST_65,2023-05-01,448.0549579038570,Basic,0
CUST_65,2023-06-01,225.758475000491,Premium,0
CUST_65,2023-07-01,442.384020519596,Premium,0
CUST_65,2023-08-01,483.8920414769940,Basic,0
CUST_65,2023-09-01,337.2807994137770,Premium,0
CUST_65,2023-10-01,442.14460156927600,Standard,0
CUST_65,2023-11-01,16.17768478812190,Standard,0
CUST_65,2023-12-01,362.4832749608880,Premium,0
CUST_66,2023-01-01,368.43328026677800,Premium,0
CUST_66,2023-02-01,411.3411217922120,Basic,0
CUST_66,2023-03-01,164.0315554600370,Basic,0
CUST_66,2023-04-01,235.03994661487500,Standard,0
CUST_66,2023-05-01,415.842133694237,Standard,0
CUST_66,2023-06-01,358.8868699620830,Standard,0
CUST_66,2023-07-01,127.53831525041300,Premium,0
CUST_66,2023-08-01,230.6719796636520,Basic,0
CUST_66,2023-09-01,314.2549980644310,Basic,0
CUST_66,2023-10-01,240.93071202510100,Premium,0
CUST_66,2023-11-01,71.86972336660630,Basic,0
CUST_66,2023-12-01,346.30032637618800,Basic,0
CUST_67,2023-01-01,,Premium,0
CUST_67,2023-02-01,146.8452833426610,Standard,0
CUST_67,2023-03-01,261.20082904107600,Standard,0
CUST_67,2023-04-01,26.262783735588800,Basic,0
CUST_67,2023-05-01,469.7693610397570,Basic,0
CUST_67,2023-06-01,396.33919819411600,Standard,0
CUST_67,2023-07-01,454.52556504585700,Basic,0
CUST_67,2023-08-01,64.38483991460570,Premium,0
CUST_67,2023-09-01,433.6361686661080,Premium,0
CUST_67,2023-10-01,488.6321609702230,Standard,0
CUST_67,2023-11-01,30.592090833988600,Premium,0
CUST_67,2023-12-01,147.21829147974000,Premium,0
CUST_68,2023-01-01,456.27737920551800,Standard,0
CUST_68,2023-02-01,18.823212244222700,Basic,0
CUST_68,2023-03-01,159.32803673920500,Standard,0
CUST_68,2023-04-01,437.6493813874030,Standard,0
CUST_68,2023-05-01,274.94225355600600,Premium,0
CUST_68,2023-06-01,16.077977775884200,Basic,0
CUST_68,2023-07-01,303.1951673059020,Premium,0
CUST_68,2023-08-01,374.16466737848600,Basic,0
CUST_68,2023-09-01,427.6092984516790,Standard,0
CUST_68,2023-10-01,447.2282240884300,Premium,0
CUST_68,2023-11-01,127.35998325567400,Standard,1
CUST_68,2023-12-01,295.5753491909100,Premium,1
CUST_69,2023-01-01,429.2910859803940,Basic,0
CUST_69,2023-02-01,417.3730220489980,Premium,0
CUST_69,2023-03-01,55.990069563444500,Basic,0
CUST_69,2023-04-01,416.3505316652100,Premium,0
CUST_69,2023-05-01,263.54871235997000,Basic,0
CUST_69,2023-06-01,222.95202082076900,Standard,0
CUST_69,2023-07-01,447.33641207787500,Basic,0
CUST_69,2023-08-01,319.34070101507400,Premium,0
CUST_69,2023-09-01,126.34239950365500,Standard,0
CUST_69,2023-10-01,198.41055054595800,Basic,0
CUST_69,2023-11-01,475.76021576724000,Premium,0
CUST_69,2023-12-01,258.0703691526490,Standard,0
CUST_70,2023-01-01,134.65187461250500,Basic,0
CUST_70,2023-02-01,32.367885296168000,Standard,0
CUST_70,2023-03-01,486.0510185415150,Standard,0
CUST_70,2023-04-01,106.08787924181300,Basic,0
CUST_70,2023-05-01,111.42636343482900,Premium,1
CUST_70,2023-06-01,13.75537599812040,Basic,1
CUST_70,2023-07-01,27.99346762540240,Premium,1
CUST_70,2023-08-01,176.04171817598800,Standard,1
CUST_70,2023-09-01,290.30383525095700,Basic,1
CUST_70,2023-10-01,153.8095233719800,Standard,1
CUST_70,2023-11-01,204.53737020622400,Standard,1
CUST_70,2023-12-01,312.3625928977230,Basic,1
CUST_71,2023-01-01,179.15933997282900,Basic,0
CUST_71,2023-02-01,251.83782436665800,Basic,0
CUST_71,2023-03-01,74.42966875001100,Standard,0
CUST_71,2023-04-01,216.69580748402700,Premium,0
CUST_71,2023-05-01,359.87599578876000,Basic,0
CUST_71,2023-06-01,413.6572882684340,Standard,0
CUST_71,2023-07-01,10.766901543821700,Premium,0
CUST_71,2023-08-01,136.2275379635240,Basic,0
CUST_71,2023-09-01,346.42905761137700,Standard,0
CUST_71,2023-10-01,233.55588938821600,Basic,0
CUST_71,2023-11-01,215.28441719186300,Standard,0
CUST_71,2023-12-01,49.28820690013270,Basic,0
CUST_72,2023-01-01,337.60059689422800,Basic,0
CUST_72,2023-02-01,300.8937876921840,Premium,0
CUST_72,2023-03-01,457.510604312356,Basic,0
CUST_72,2023-04-01,364.746797178386,Basic,0
CUST_72,2023-05-01,42.55748373432970,Standard,0
CUST_72,2023-06-01,15.736239258143000,Basic,0
CUST_72,2023-07-01,248.14024196082500,Premium,1
CUST_72,2023-08-01,70.27161461063540,Standard,1
CUST_72,2023-09-01,178.15200305460300,Basic,1
CUST_72,2023-10-01,329.62290781005000,Premium,1
CUST_72,2023-11-01,349.3214850679200,Premium,1
CUST_72,2023-12-01,339.7536449732720,Standard,1
CUST_73,2023-01-01,160.0936144013240,Basic,0
CUST_73,2023-02-01,401.20636685399300,Premium,0
CUST_73,2023-03-01,459.1512655621920,Standard,0
CUST_73,2023-04-01,295.2773858311160,Basic,0
CUST_73,2023-05-01,355.73707269547400,Basic,0
CUST_73,2023-06-01,91.76149883238890,Standard,0
CUST_73,2023-07-01,446.1475472400660,Standard,0
CUST_73,2023-08-01,22.46940235381790,Standard,0
CUST_73,2023-09-01,176.89604162483300,Basic,0
CUST_73,2023-10-01,162.49657258106300,Standard,0
CUST_73,2023-11-01,188.6509268167950,Basic,0
CUST_73,2023-12-01,232.4607943860960,Premium,0
CUST_74,2023-01-01,247.93895283310500,Basic,0
CUST_74,2023-02-01,482.36852948767400,Standard,1
CUST_74,2023-03-01,25.168337550478300,Standard,1
CUST_74,2023-04-01,88.41221886696510,Basic,1
CUST_74,2023-05-01,380.54467083558700,Standard,1
CUST_74,2023-06-01,151.72993826660100,Basic,1
CUST_74,2023-07-01,66.90809049825760,Basic,1
CUST_74,2023-08-01,163.84369151490300,Premium,1
CUST_74,2023-09-01,305.4420094749360,Standard,1
CUST_74,2023-10-01,492.1664499731280,Standard,1
CUST_74,2023-11-01,480.95638784972100,Premium,1
CUST_74,2023-12-01,198.90083332109200,Basic,1
CUST_75,2023-01-01,275.2897276003170,Basic,0
CUST_75,2023-02-01,275.43535808090200,Basic,0
CUST_75,2023-03-01,225.8162616530880,Premium,0
CUST_75,2023-04-01,105.36567998538700,Basic,0
CUST_75,2023-05-01,142.4213691440840,Premium,0
CUST_75,2023-06-01,180.1657491249490,Standard,0
CUST_75,2023-07-01,227.58143710907900,Basic,0
CUST_75,2023-08-01,206.87161232061900,Standard,0
CUST_75,2023-09-01,315.4689194981260,Basic,0
CUST_75,2023-10-01,108.64293283299200,Premium,1
CUST_75,2023-11-01,243.01755836854500,Premium,1
CUST_75,2023-12-01,121.5973706905730,Premium,1
CUST_76,2023-01-01,455.6327593592490,Basic,0
CUST_76,2023-02-01,436.2848882273660,Standard,0
CUST_76,2023-03-01,71.16219884375570,Basic,0
CUST_76,2023-04-01,439.77438469891300,Premium,0
CUST_76,2023-05-01,236.71104648204300,Basic,0
CUST_76,2023-06-01,433.1382860321270,Premium,0
CUST_76,2023-07-01,150.0339422076760,Standard,0
CUST_76,2023-08-01,199.40484834328400,Basic,0
CUST_76,2023-09-01,292.8667243242340,Premium,0
CUST_76,2023-10-01,209.7162622011700,Standard,0
CUST_76,2023-11-01,291.0291862132310,Basic,0
CUST_76,2023-12-01,63.53946305171450,Premium,0
CUST_77,2023-01-01,425.01473856146000,Basic,0
CUST_77,2023-02-01,442.8977338631700,Standard,0
CUST_77,2023-03-01,317.030330435673,Premium,1
CUST_77,2023-04-01,243.65329947573000,Premium,1
CUST_77,2023-05-01,364.1264092721320,Basic,1
CUST_77,2023-06-01,75.87321340997970,Basic,1
CUST_77,2023-07-01,185.77060745433700,Premium,1
CUST_77,2023-08-01,146.592337483131,Premium,1
CUST_77,2023-09-01,479.14952932866700,Basic,1
CUST_77,2023-10-01,498.9322192841690,Basic,1
CUST_77,2023-11-01,415.94995673006700,Basic,1
CUST_77,2023-12-01,17.01448605685940,Standard,1
CUST_78,2023-01-01,418.7308525303310,Basic,0
CUST_78,2023-02-01,379.17968190591500,Premium,0
CUST_78,2023-03-01,385.3968070698370,Basic,0
CUST_78,2023-04-01,53.41630984514270,Standard,0
CUST_78,2023-05-01,209.6960852058910,Basic,0
CUST_78,2023-06-01,180.92206164504500,Standard,0
CUST_78,2023-07-01,474.36713272259100,Standard,0
CUST_78,2023-08-01,266.0625336750050,Standard,0
CUST_78,2023-09-01,255.30589135450500,Basic,0
CUST_78,2023-10-01,34.61074561734720,Basic,0
CUST_78,2023-11-01,154.6923420834920,Basic,0
CUST_78,2023-12-01,403.70654421547300,Basic,0
CUST_79,2023-01-01,453.9943910449240,Standard,0
CUST_79,2023-02-01,120.75420892984000,Premium,0
CUST_79,2023-03-01,305.71161706125600,Standard,0
CUST_79,2023-04-01,70.23113244803990,Premium,0
CUST_79,2023-05-01,230.1813735994250,Basic,0
CUST_79,2023-06-01,45.17014505099140,Standard,0
CUST_79,2023-07-01,359.836789928229,Premium,0
CUST_79,2023-08-01,280.72547402986600,Premium,0
CUST_79,2023-09-01,389.9196136975360,Standard,0
CUST_79,2023-10-01,149.2943055344830,Premium,0
CUST_79,2023-11-01,36.62269706322290,Premium,0
CUST_79,2023-12-01,10.065999572197800,Premium,1
CUST_80,2023-01-01,145.32308333224100,,0
CUST_80,2023-02-01,421.27586125444100,Basic,0
CUST_80,2023-03-01,373.042987514515,Standard,0
CUST_80,2023-04-01,186.51462021221000,Basic,0
CUST_80,2023-05-01,163.54047961672000,Standard,0
CUST_80,2023-06-01,222.57053559249900,Premium,0
CUST_80,2023-07-01,482.398424080153,Basic,0
CUST_80,2023-08-01,251.96887982389500,Basic,0
CUST_80,2023-09-01,354.88997490082200,Premium,0
CUST_80,2023-10-01,359.39256481081600,Premium,0
CUST_80,2023-11-01,382.9085172228840,Standard,0
CUST_80,2023-12-01,156.04558223332700,Standard,0
CUST_81,2023-01-01,325.6331185231990,Basic,0
CUST_81,2023-02-01,478.83190958730000,Basic,0
CUST_81,2023-03-01,234.27280652805400,Basic,0
CUST_81,2023-04-01,191.20849543371700,Standard,0
CUST_81,2023-05-01,214.0871716329010,Standard,0
CUST_81,2023-06-01,113.87708680234200,Standard,0
CUST_81,2023-07-01,441.2768015815280,Standard,0
CUST_81,2023-08-01,,Premium,0
CUST_81,2023-09-01,329.30348263386600,Standard,0
CUST_81,2023-10-01,325.96797597093400,Standard,0
CUST_81,2023-11-01,107.61548469808600,Premium,0
CUST_81,2023-12-01,190.21513400051500,Premium,0
CUST_82,2023-01-01,262.77233232904100,Basic,0
CUST_82,2023-02-01,17.199760440927400,Premium,0
CUST_82,2023-03-01,19.470539149624500,Basic,0
CUST_82,2023-04-01,251.50364637924900,Basic,0
CUST_82,2023-05-01,301.61452070378400,Standard,0
CUST_82,2023-06-01,482.11462803491800,Standard,0
CUST_82,2023-07-01,162.81329037927300,Standard,0
CUST_82,2023-08-01,265.4350633505280,Standard,0
CUST_82,2023-09-01,18.304355795894700,Standard,0
CUST_82,2023-10-01,68.90154226908240,Basic,1
CUST_82,2023-11-01,153.7212192824770,Standard,1
CUST_82,2023-12-01,263.8006585791640,Basic,1
CUST_83,2023-01-01,192.15225450410200,Basic,0
CUST_83,2023-02-01,326.7647834025860,Premium,0
CUST_83,2023-03-01,21.56153267630930,Premium,0
CUST_83,2023-04-01,392.3843005497800,Standard,0
CUST_83,2023-05-01,158.4287071282640,Basic,0
CUST_83,2023-06-01,130.83578113923200,Standard,0
CUST_83,2023-07-01,242.16681591499400,Standard,0
CUST_83,2023-08-01,471.934916356115,Standard,0
CUST_83,2023-09-01,276.7963430721290,Premium,0
CUST_83,2023-10-01,189.18356664807200,Basic,0
CUST_83,2023-11-01,78.99344495741130,Basic,0
CUST_83,2023-12-01,293.3662157159770,Standard,0
CUST_84,2023-01-01,321.61780651022700,Basic,0
CUST_84,2023-02-01,137.3534398289880,Basic,0
CUST_84,2023-03-01,152.347207778996,Standard,0
CUST_84,2023-04-01,356.78346163108800,Standard,0
CUST_84,2023-05-01,13.842379478239200,Basic,0
CUST_84,2023-06-01,75.79467694211500,Basic,0
CUST_84,2023-07-01,128.5277141153160,Standard,0
CUST_84,2023-08-01,47.35721680704660,Premium,0
CUST_84,2023-09-01,235.23578649730400,Premium,0
CUST_84,2023-10-01,31.510971895072500,Standard,0
CUST_84,2023-11-01,112.50087804988500,Premium,0
CUST_84,2023-12-01,490.78433929041700,Premium,0
CUST_85,2023-01-01,128.56879385535200,Standard,0
CUST_85,2023-02-01,476.20060707729800,Premium,0
CUST_85,2023-03-01,490.76042857799300,Basic,0
CUST_85,2023-04-01,224.1279839761540,Basic,0
CUST_85,2023-05-01,314.9481996624510,Premium,0
CUST_85,2023-06-01,398.3716069813080,Standard,0
CUST_85,2023-07-01,480.46644615866900,Premium,0
CUST_85,2023-08-01,381.08200149587500,Basic,0
CUST_85,2023-09-01,361.98227593228200,Basic,0
CUST_85,2023-10-01,336.6342347328430,Premium,0
CUST_85,2023-11-01,388.0971863795180,Basic,1
CUST_85,2023-12-01,14.428849848853200,Premium,1
CUST_86,2023-01-01,463.8350935315730,Basic,0
CUST_86,2023-02-01,118.81717663972700,Basic,0
CUST_86,2023-03-01,367.14210671227400,Standard,0
CUST_86,2023-04-01,24.293184186179600,Basic,0
CUST_86,2023-05-01,68.06628556309430,Standard,0
CUST_86,2023-06-01,460.5702020814640,Basic,1
CUST_86,2023-07-01,382.8938825127420,Standard,1
CUST_86,2023-08-01,202.30451125244500,Standard,1
CUST_86,2023-09-01,460.02895175125000,Premium,1
CUST_86,2023-10-01,292.79006715877700,Premium,1
CUST_86,2023-11-01,395.8990520708020,Premium,1
CUST_86,2023-12-01,286.3962741284240,Basic,1
CUST_87,2023-01-01,331.7492261168590,Basic,0
CUST_87,2023-02-01,459.9371524709640,Standard,0
CUST_87,2023-03-01,118.21786365187400,Standard,1
CUST_87,2023-04-01,95.8586683318554,Premium,1
CUST_87,2023-05-01,148.41458454874300,Basic,1
CUST_87,2023-06-01,294.99492356470500,Basic,1
CUST_87,2023-07-01,294.2435289880330,Standard,1
CUST_87,2023-08-01,381.80036434108900,Standard,1
CUST_87,2023-09-01,182.99469188414800,Basic,1
CUST_87,2023-10-01,473.7636914436990,Premium,1
CUST_87,2023-11-01,215.52951703908400,Premium,1
CUST_87,2023-12-01,243.4045093175380,Premium,1
CUST_88,2023-01-01,110.29325343806900,Basic,0
CUST_88,2023-02-01,172.46670254292500,Premium,0
CUST_88,2023-03-01,44.86755973498210,Basic,0
CUST_88,2023-04-01,258.39101460129900,Premium,0
CUST_88,2023-05-01,419.5547046761530,Standard,0
CUST_88,2023-06-01,387.85017976742400,Premium,0
CUST_88,2023-07-01,439.18271092335800,Basic,0
CUST_88,2023-08-01,218.36181086447000,Standard,0
CUST_88,2023-09-01,385.1179077527720,Basic,0
CUST_88,2023-10-01,266.0299887319380,Standard,0
CUST_88,2023-11-01,120.80141231233900,Standard,0
CUST_88,2023-12-01,122.90416443750100,Premium,0
CUST_89,2023-01-01,483.7542949016500,Basic,0
CUST_89,2023-02-01,373.5292002097700,Basic,0
CUST_89,2023-03-01,158.43614376381000,Standard,0
CUST_89,2023-04-01,410.22193858776200,Basic,0
CUST_89,2023-05-01,451.9506964070840,Premium,0
CUST_89,2023-06-01,379.5816472442200,Premium,0
CUST_89,2023-07-01,333.8969845811870,Basic,0
CUST_89,2023-08-01,357.56720595157900,Premium,0
CUST_89,2023-09-01,296.0486624519150,Premium,1
CUST_89,2023-10-01,140.0098074021790,Premium,1
CUST_89,2023-11-01,155.31435698090600,Premium,1
CUST_89,2023-12-01,381.9125884357460,Premium,1
CUST_90,2023-01-01,261.78868746131600,Premium,0
CUST_90,2023-02-01,467.1331826591390,Standard,0
CUST_90,2023-03-01,360.0200515101490,Premium,0
CUST_90,2023-04-01,350.35175935411000,Basic,0
CUST_90,2023-05-01,144.29507877767400,Basic,0
CUST_90,2023-06-01,179.21755659999500,Premium,0
CUST_90,2023-07-01,429.70323963648400,Basic,0
CUST_90,2023-08-01,285.4156692572600,Basic,0
CUST_90,2023-09-01,196.45367783624800,Standard,0
CUST_90,2023-10-01,369.8775267170400,Basic,1
CUST_90,2023-11-01,421.1086905818250,Standard,1
CUST_90,2023-12-01,354.81289201823500,Premium,1
CUST_91,2023-01-01,224.4540507926200,Standard,0
CUST_91,2023-02-01,410.39278958763700,Premium,0
CUST_91,2023-03-01,35.31767361240090,Premium,0
CUST_91,2023-04-01,432.6938308630980,Standard,0
CUST_91,2023-05-01,280.8264671020870,Basic,0
CUST_91,2023-06-01,433.9949218653670,Premium,0
CUST_91,2023-07-01,152.12231066159400,Premium,0
CUST_91,2023-08-01,400.3738846237720,Premium,0
CUST_91,2023-09-01,290.15553174043700,Standard,0
CUST_91,2023-10-01,15.956818023919500,Basic,0
CUST_91,2023-11-01,278.9407458879040,Basic,0
CUST_91,2023-12-01,182.94966669165500,Premium,0
CUST_92,2023-01-01,369.0225347892370,Premium,0
CUST_92,2023-02-01,394.04232281721300,Premium,0
CUST_92,2023-03-01,345.86750277873200,Premium,0
CUST_92,2023-04-01,193.22131303627900,Premium,0
CUST_92,2023-05-01,339.0247828469310,Premium,0
CUST_92,2023-06-01,214.98359341011700,Standard,0
CUST_92,2023-07-01,146.147860283959,Standard,0
CUST_92,2023-08-01,490.3806830616710,Standard,0
CUST_92,2023-09-01,97.88869418598310,Standard,0
CUST_92,2023-10-01,207.76449115718000,Basic,0
CUST_92,2023-11-01,217.1370320780270,Premium,0
CUST_92,2023-12-01,139.49536894773300,Standard,0
CUST_93,2023-01-01,141.58154047312800,Premium,0
CUST_93,2023-02-01,484.58329253294700,Basic,0
CUST_93,2023-03-01,47.03597078849280,Basic,0
CUST_93,2023-04-01,55.11282318041300,Standard,0
CUST_93,2023-05-01,327.7673618581570,Premium,1
CUST_93,2023-06-01,482.8575310326910,Premium,1
CUST_93,2023-07-01,341.2528811457480,Premium,1
CUST_93,2023-08-01,308.90363436894800,Basic,1
CUST_93,2023-09-01,142.83716434439200,Premium,1
CUST_93,2023-10-01,434.38686046972900,Standard,1
CUST_93,2023-11-01,61.89384415784120,Premium,1
CUST_93,2023-12-01,472.92076680370900,Premium,1
CUST_94,2023-01-01,442.66697416658900,Basic,0
CUST_94,2023-02-01,353.55840126456200,Premium,0
CUST_94,2023-03-01,17.543496928741200,Standard,0
CUST_94,2023-04-01,230.62458061001600,Premium,0
CUST_94,2023-05-01,421.5027872655690,Basic,0
CUST_94,2023-06-01,488.7334076750820,Basic,1
CUST_94,2023-07-01,222.45556838998100,Premium,1
CUST_94,2023-08-01,376.70833134135300,Standard,1
CUST_94,2023-09-01,222.67027662729200,Premium,1
CUST_94,2023-10-01,222.8576263132390,Standard,1
CUST_94,2023-11-01,14.43653917438180,Standard,1
CUST_94,2023-12-01,310.5129255948160,Basic,1
CUST_95,2023-01-01,128.59081919063000,Standard,0
CUST_95,2023-02-01,107.6424648687320,Basic,0
CUST_95,2023-03-01,16.735321465559200,Premium,0
CUST_95,2023-04-01,142.69510073811700,Basic,0
CUST_95,2023-05-01,234.88085313244200,Standard,0
CUST_95,2023-06-01,339.7071176130590,Basic,0
CUST_95,2023-07-01,420.86099858308200,Basic,0
CUST_95,2023-08-01,467.02814898505300,Standard,0
CUST_95,2023-09-01,312.22396784774500,Premium,0
CUST_95,2023-10-01,265.5100218417710,Basic,0
CUST_95,2023-11-01,461.1756381470450,Basic,0
CUST_95,2023-12-01,141.73822204727500,Basic,0
CUST_96,2023-01-01,336.5668932881500,Premium,0
CUST_96,2023-02-01,318.8211375335170,Premium,0
CUST_96,2023-03-01,219.52465351463500,Basic,0
CUST_96,2023-04-01,468.7775045197740,Standard,0
CUST_96,2023-05-01,153.26772410197500,Premium,1
CUST_96,2023-06-01,157.51257813881300,Premium,1
CUST_96,2023-07-01,37.52627790024510,Basic,1
CUST_96,2023-08-01,464.2842081406290,Basic,1
CUST_96,2023-09-01,384.57595675699700,Premium,1
CUST_96,2023-10-01,331.0351201169260,Premium,1
CUST_96,2023-11-01,88.15120864526560,Premium,1
CUST_96,2023-12-01,44.541053365140900,Standard,1
CUST_97,2023-01-01,335.46749864459400,Standard,0
CUST_97,2023-02-01,345.7158118384970,Basic,0
CUST_97,2023-03-01,161.8053689080100,Basic,0
CUST_97,2023-04-01,272.4213692910400,Basic,0
CUST_97,2023-05-01,415.99224297398000,Standard,0
CUST_97,2023-06-01,457.75633749789700,Basic,0
CUST_97,2023-07-01,183.66822490859700,Basic,0
CUST_97,2023-08-01,439.39652223973300,Basic,0
CUST_97,2023-09-01,281.1518829773880,Standard,0
CUST_97,2023-10-01,430.8202178723960,Premium,0
CUST_97,2023-11-01,430.7944968812410,Basic,0
CUST_97,2023-12-01,309.16790995755800,Premium,0
CUST_98,2023-01-01,97.83409531224760,Basic,0
CUST_98,2023-02-01,67.60013707360780,Premium,1
CUST_98,2023-03-01,362.1824127482300,Standard,1
CUST_98,2023-04-01,262.31734145749700,Basic,1
CUST_98,2023-05-01,50.94162538023800,Standard,1
CUST_98,2023-06-01,91.21660671295810,Standard,1
CUST_98,2023-07-01,128.35305243382400,Basic,1
CUST_98,2023-08-01,61.61928739585330,Basic,1
CUST_98,2023-09-01,264.4200396823010,Standard,1
CUST_98,2023-10-01,130.2226339414430,Premium,1
CUST_98,2023-11-01,201.60610587242500,Premium,1
CUST_98,2023-12-01,117.58142238260300,Basic,1
CUST_99,2023-01-01,311.9872381036050,Standard,0
CUST_99,2023-02-01,220.18272338077100,Premium,0
CUST_99,2023-03-01,354.05158712909600,Basic,0
CUST_99,2023-04-01,211.85946656671000,Premium,0
CUST_99,2023-05-01,270.9269925438310,Standard,0
CUST_99,2023-06-01,67.42991378331440,Basic,0
CUST_99,2023-07-01,349.1160870419410,Standard,0
CUST_99,2023-08-01,448.8806410332020,Basic,0
CUST_99,2023-09-01,215.44311397135100,Standard,0
CUST_99,2023-10-01,43.832494094153900,Basic,0
CUST_99,2023-11-01,317.92896374114800,Basic,0
CUST_99,2023-12-01,14.889600562640200,Standard,0
CUST_100,2023-01-01,419.6976745715520,Standard,0
CUST_100,2023-02-01,247.69638338997500,Standard,0
CUST_100,2023-03-01,231.1341153843350,Standard,0
CUST_100,2023-04-01,442.45433961845000,Premium,0
CUST_100,2023-05-01,200.0347840592960,Standard,0
CUST_100,2023-06-01,109.70164382382200,Basic,0
CUST_100,2023-07-01,200.80842009964900,Basic,0
CUST_100,2023-08-01,42.6167166779692,Premium,0
CUST_100,2023-09-01,193.97977494858500,Premium,0
CUST_100,2023-10-01,498.6193534124460,Premium,0
CUST_100,2023-11-01,117.85454969332900,Premium,0
CUST_100,2023-12-01,43.66970208474090,Standard,0